,Irradiance,IrradianceNotCompensated,BodyTemperature,RelativeHumidity,HumidityTemp,Pressure,PressureAvg,PressureTemp,PressureTempAvg,TiltAngle,TiltAngleAvg,FanSpeed,HeaterCurrent,FanCurrent,SunAzimuth,SunZenith
count,4622.0,4622.0,4622.0,4622.0,4622.0,4622.0,4622.0,4622.0,4622.0,4622.0,4622.0,4622.0,4622.0,4622.0,4622.0,4622.0
mean,269.6625335352661,269.30677196019036,17.890543054954563,2.8705690177412375,19.323846819558636,1015.9765929251406,1015.966140199048,18.190996355744268,18.188130476525313,0.13198398961488533,0.11231068801384682,9123.058199913457,0.3287514063176114,0.0675891389009087,179.04678477506312,26.584327778940704
std,272.526349702789,272.1619164163534,9.102640866817486,1.7221855941901383,9.075027280836249,33.18775010361251,33.18830717835395,9.46526955101491,9.465297459680235,0.07227575116074345,0.024439715355350066,134.9368806927652,0.0021124708725545494,0.0011431584523131167,59.58104067784798,16.992049320450985
min,-0.7,-0.7,-9.03,0.0,-7.6,931.78125,931.75,-9.98828125,-9.95703125,0.0,0.04,8801.0,0.32,0.064,53.9212705607292,-0.239796099995397
25%,50.8725,50.7475,10.53,1.5125,11.9925,989.28125,989.28125,10.546875,10.5478515625,0.1,0.09,9013.0,0.327,0.067,129.35464486580275,13.52606418926315
50%,156.945,156.82999999999998,17.634999999999998,2.99,19.085,1015.8125,1015.828125,17.927734375,17.919921875,0.12,0.11,9122.0,0.329,0.068,179.2891792148925,22.97561474026495
75%,424.78000000000003,424.14500000000004,25.53,4.237500000000001,26.927500000000002,1043.5234375,1043.46875,26.1044921875,26.0966796875,0.15,0.13,9233.0,0.33,0.068,228.81851624513126,38.17936727555828
max,1210.89,1210.1,39.51,6.67,40.94,1094.53125,1094.5,40.67578125,40.765625,1.27,0.18,9488.0,0.335,0.071,303.29396824551,66.4931251767145
