,Irradiance,BodyTemperature,RelativeHumidity,HumidityTemp,Pressure,TiltAngle,FanSpeed,SunAzimuth,SunZenith
count,4622.0,4622.0,4622.0,4622.0,4622.0,4622.0,4622.0,4622.0,4622.0
mean,269.6625335352661,17.890543054954563,2.8705690177412375,19.323846819558636,1015.9765929251406,0.13198398961488533,9123.058199913457,179.04678477506312,26.584327778940704
std,272.526349702789,9.102640866817486,1.7221855941901383,9.075027280836249,33.18775010361251,0.07227575116074345,134.9368806927652,59.58104067784798,16.992049320450985
min,-0.7,-9.03,0.0,-7.6,931.78125,0.0,8801.0,53.9212705607292,-0.239796099995397
25%,50.8725,10.53,1.5125,11.9925,989.28125,0.1,9013.0,129.35464486580275,13.52606418926315
50%,156.945,17.634999999999998,2.99,19.085,1015.8125,0.12,9122.0,179.2891792148925,22.97561474026495
75%,424.78000000000003,25.53,4.237500000000001,26.927500000000002,1043.5234375,0.15,9233.0,228.81851624513126,38.17936727555828
max,1210.89,39.51,6.67,40.94,1094.53125,1.27,9488.0,303.29396824551,66.4931251767145
