,Irradiance,BodyTemperature,RelativeHumidity,HumidityTemp,Pressure,TiltAngle,FanSpeed,SunAzimuth,SunZenith
count,2845.0,2845.0,2845.0,2845.0,2845.0,2845.0,2845.0,2845.0,2845.0
mean,268.98488224956066,17.889068541300528,2.872579964850615,19.323363796133567,1015.9663664323374,0.13026713532513182,9122.907557117751,179.74883193952266,26.542918551360792
std,267.8635154681337,9.106329092833633,1.7189942296042757,9.078609817951603,33.26153608863091,0.07273344243735436,135.46694611856378,59.713453562349244,16.64521100688044
min,0.11,-8.8,0.0,-7.35,932.75,0.0,8827.0,54.3826389926156,-0.241726537834894
25%,51.53,10.27,1.56,11.75,989.71875,0.1,9011.0,131.505862855461,13.9084702758171
50%,167.97,17.6,3.01,19.06,1015.375,0.12,9126.0,180.127709323929,23.0300464844249
75%,432.99,25.67,4.23,27.09,1043.90625,0.15,9231.0,228.971759213475,37.674134543293
max,1191.37,38.35,6.44,39.67,1087.1875,1.45,9487.0,300.814323223694,66.3706714348459
